{"autoplayTransitionDelay":0,"author":"","timestamp":"2014-57-9 11:4:9","loopSlideshow":0,"autoplayBuildDelay":0,"comment":"","showMode":0,"slideList":["BE4D2DDB-FBE4-467E-AE38-B34F9028D09E","4F81A6FC-60A3-461E-B34E-5DC776773EC1","FFE8268D-E987-43B6-9810-3F706D137683","5D89EF9A-21FB-48CB-B531-E607992073F1","21B90985-3384-4473-86E1-6C9E81B2F1DF","C0178108-6DEE-412D-A9DD-5AF74A70B6E9","34769E3A-B326-44D2-A3E9-4B3E4128D0D6","D85ACE67-1E73-4471-8084-6D074DD6D28D","DA8438FC-3C72-42E7-88E2-2E3540745664","B2F66B72-18F1-436D-906F-CE2D8DAF49F5"],"creator":"Apple Keynote 6.2","fonts":["LucidaGrande-Bold","HelveticaNeue-Bold","HelveticaNeue-Medium","HelveticaNeue-MediumItalic"],"slideWidth":1024,"slideHeight":768,"slideCount":10,"slideRangeStart":0,"minorVersion":1,"majorVersion":1,"slideRangeLength":10}