{"assets":{"506D56C0DDE7F0343EE226A6A934367C":{"type":"texture","index":9,"assetRequest":{"type":"slide","state":"text","slide":"4F81A6FC-60A3-461E-B34E-5DC776773EC1"},"url":"assets/506D56C0DDE7F0343EE226A6A934367C.svg","width":382,"height":219},"F94A8638CE1D54EEE2D0738DB27AE44A":{"type":"texture","index":4,"assetRequest":{"type":"slide","state":"contents","slide":"4F81A6FC-60A3-461E-B34E-5DC776773EC1"},"url":"assets/F94A8638CE1D54EEE2D0738DB27AE44A.svg","width":814,"height":642},"1E99580C0B976AA9B0AF1B09E11FA939":{"type":"texture","index":5,"assetRequest":{"type":"slide","state":"contents","slide":"4F81A6FC-60A3-461E-B34E-5DC776773EC1"},"url":"assets/1E99580C0B976AA9B0AF1B09E11FA939.svg","width":768,"height":577},"F7DD55AEF0D35252504284DD86603A71":{"type":"texture","index":7,"assetRequest":{"type":"slide","state":"text","slide":"4F81A6FC-60A3-461E-B34E-5DC776773EC1"},"url":"assets/F7DD55AEF0D35252504284DD86603A71.svg","width":886,"height":69},"45FF184C402E261F40BF271A5BE2D62B":{"type":"texture","index":6,"assetRequest":{"type":"slide","state":"contents","slide":"4F81A6FC-60A3-461E-B34E-5DC776773EC1"},"url":"assets/45FF184C402E261F40BF271A5BE2D62B.svg","width":798,"height":587},"256224C7715D5F7DC16349E5273033D4":{"type":"texture","index":3,"assetRequest":{"type":"slide","state":"contents","slide":"4F81A6FC-60A3-461E-B34E-5DC776773EC1"},"url":"assets/256224C7715D5F7DC16349E5273033D4.svg","width":888,"height":146},"0BFDE4B711B5DFFB060A73C4DB885041":{"type":"texture","index":8,"assetRequest":{"type":"slide","state":"text","slide":"4F81A6FC-60A3-461E-B34E-5DC776773EC1"},"url":"assets/0BFDE4B711B5DFFB060A73C4DB885041.svg","width":634,"height":68},"9A3443EAEA5AE3BD5913391E7E679FF2":{"type":"texture","index":2,"assetRequest":{"type":"slide","state":"contents","slide":"4F81A6FC-60A3-461E-B34E-5DC776773EC1"},"url":"assets/9A3443EAEA5AE3BD5913391E7E679FF2.svg","width":1024,"height":768}},"events":[{"effects":[{"beginTime":0,"baseLayer":{"animations":[],"initialState":{"affineTransform":[1,0,0,1,0,0],"masksToBounds":false,"rotation":0,"scale":1,"position":{"pointX":512,"pointY":468.35009765625},"width":771.8634033203125,"sublayerTransform":[1,0,0,0,0,1,0,0,0,0,1,0,0,0,0,1],"contentsRect":{"y":0,"x":0,"width":1,"height":1},"opacity":1,"edgeAntialiasingMask":15,"height":578.8975219726562,"hidden":false,"anchorPoint":{"pointX":0.5,"pointY":0.5}},"objectID":"39CD14A5-0D6B-449B-8ABA-9E351A95F4D5","layers":[{"animations":[],"initialState":{"affineTransform":[1,0,0,1,0,0],"masksToBounds":false,"rotation":0,"scale":1,"position":{"pointX":385.9317016601562,"pointY":205.0986633300781},"width":771.8634033203125,"sublayerTransform":[1,0,0,0,0,1,0,0,0,0,1,-0.0004922987690640373,0,0,0,1],"contentsRect":{"y":0,"x":0,"width":1,"height":1},"opacity":1,"edgeAntialiasingMask":15,"height":578.8975219726562,"hidden":false,"anchorPoint":{"pointX":0.5,"pointY":0.354291831533813}},"layers":[{"animations":[{"repeatCount":0,"animations":[{"from":{"scalar":false},"beginTime":0,"repeatCount":0,"fillMode":"forwards","property":"hidden","duration":3,"to":{"scalar":false}},{"timingFunctions":[{"timingFunction":"custom","timingControlPoint1y":0.9160332083702087,"timingControlPoint2x":0.6139457821846008,"timingControlPoint1x":0.3855863213539124,"timingControlPoint2y":0.9703839421272278},{"timingFunction":"custom","timingControlPoint1y":0.25,"timingControlPoint2x":0.75,"timingControlPoint1x":0.25,"timingControlPoint2y":0.75},{"timingFunction":"custom","timingControlPoint1y":0.02804292365908623,"timingControlPoint2x":0.7731193900108337,"timingControlPoint1x":0.5403857231140137,"timingControlPoint2y":0.2109718173742294}],"values":[{"scalar":0},{"scalar":0.9},{"scalar":1.1},{"scalar":6}],"beginTime":0,"repeatCount":0,"keyTimes":[0,0.2,0.8,1],"property":"transform.scale.xy","fillMode":"both","duration":3},{"timingFunctions":[{"timingFunction":"custom","timingControlPoint1y":0,"timingControlPoint2x":0.6999200582504272,"timingControlPoint1x":0.3495398461818695,"timingControlPoint2y":0.9022355079650879},{"timingFunction":"linear"},{"timingFunction":"custom","timingControlPoint1y":0.1480011492967606,"timingControlPoint2x":0.4976903200149536,"timingControlPoint1x":0.3995950222015381,"timingControlPoint2y":1}],"values":[{"scalar":0},{"scalar":1},{"scalar":1},{"scalar":0}],"beginTime":0,"repeatCount":0,"keyTimes":[0,0.3,0.8,1],"property":"opacity","fillMode":"both","duration":3},{"from":{"pointX":0.5,"pointY":0.5},"beginTime":0,"repeatCount":0,"fillMode":"removed","property":"anchorPoint","duration":3,"to":{"pointX":0.5,"pointY":0.5}},{"from":{"scalar":0},"beginTime":0,"repeatCount":0,"fillMode":"removed","property":"transform.translation.x","duration":3,"to":{"scalar":0}},{"from":{"scalar":0},"beginTime":0,"repeatCount":0,"fillMode":"removed","property":"transform.translation.y","duration":3,"to":{"scalar":0}}],"beginTime":1e-100,"fillMode":"both","duration":3}],"layers":[],"initialState":{"affineTransform":[1,0,0,1,0,0],"masksToBounds":false,"rotation":0,"scale":1,"position":{"pointX":385.9317016601562,"pointY":289.0986633300781},"width":814,"sublayerTransform":[1,0,0,0,0,1,0,0,0,0,1,0,0,0,0,1],"contentsRect":{"y":0,"x":0,"width":1,"height":1},"opacity":1,"edgeAntialiasingMask":0,"height":642,"hidden":true,"anchorPoint":{"pointX":0.5,"pointY":0.5}},"texture":"F94A8638CE1D54EEE2D0738DB27AE44A"}]}]},"effects":[{"beginTime":0,"baseLayer":{"animations":[],"initialState":{"affineTransform":[1,0,0,1,0,0],"masksToBounds":false,"rotation":0,"scale":1,"position":{"pointX":512,"pointY":468.35009765625},"width":765,"sublayerTransform":[1,0,0,0,0,1,0,0,0,0,1,0,0,0,0,1],"contentsRect":{"y":0,"x":0,"width":1,"height":1},"opacity":1,"edgeAntialiasingMask":15,"height":574,"hidden":false,"anchorPoint":{"pointX":0.5,"pointY":0.5}},"objectID":"4B357A7D-DFB8-47F8-B8CE-BC033E4C1A04","layers":[{"animations":[],"initialState":{"affineTransform":[1,0,0,1,0,0],"masksToBounds":false,"rotation":0,"scale":1,"position":{"pointX":382.5,"pointY":202.64990234375},"width":765,"sublayerTransform":[1,0,0,0,0,1,0,0,0,0,1,-0.0004922987690640373,0,0,0,1],"contentsRect":{"y":0,"x":0,"width":1,"height":1},"opacity":1,"edgeAntialiasingMask":15,"height":574,"hidden":false,"anchorPoint":{"pointX":0.5,"pointY":0.3530486103549652}},"layers":[{"animations":[{"repeatCount":0,"animations":[{"from":{"scalar":false},"beginTime":0,"repeatCount":0,"fillMode":"forwards","property":"hidden","duration":3,"to":{"scalar":false}},{"timingFunctions":[{"timingFunction":"custom","timingControlPoint1y":0.9160332083702087,"timingControlPoint2x":0.6139457821846008,"timingControlPoint1x":0.3855863213539124,"timingControlPoint2y":0.9703839421272278},{"timingFunction":"custom","timingControlPoint1y":0.25,"timingControlPoint2x":0.75,"timingControlPoint1x":0.25,"timingControlPoint2y":0.75},{"timingFunction":"custom","timingControlPoint1y":0.02804292365908623,"timingControlPoint2x":0.7731193900108337,"timingControlPoint1x":0.5403857231140137,"timingControlPoint2y":0.2109718173742294}],"values":[{"scalar":0},{"scalar":0.9},{"scalar":1.1},{"scalar":6}],"beginTime":0,"repeatCount":0,"keyTimes":[0,0.2,0.8,1],"property":"transform.scale.xy","fillMode":"both","duration":3},{"timingFunctions":[{"timingFunction":"custom","timingControlPoint1y":0,"timingControlPoint2x":0.6999200582504272,"timingControlPoint1x":0.3495398461818695,"timingControlPoint2y":0.9022355079650879},{"timingFunction":"linear"},{"timingFunction":"custom","timingControlPoint1y":0.1480011492967606,"timingControlPoint2x":0.4976903200149536,"timingControlPoint1x":0.3995950222015381,"timingControlPoint2y":1}],"values":[{"scalar":0},{"scalar":1},{"scalar":1},{"scalar":0}],"beginTime":0,"repeatCount":0,"keyTimes":[0,0.3,0.8,1],"property":"opacity","fillMode":"both","duration":3},{"from":{"pointX":0.5,"pointY":0.5},"beginTime":0,"repeatCount":0,"fillMode":"removed","property":"anchorPoint","duration":3,"to":{"pointX":0.5,"pointY":0.5}},{"from":{"scalar":0},"beginTime":0,"repeatCount":0,"fillMode":"removed","property":"transform.translation.x","duration":3,"to":{"scalar":0}},{"from":{"scalar":0},"beginTime":0,"repeatCount":0,"fillMode":"removed","property":"transform.translation.y","duration":3,"to":{"scalar":0}}],"beginTime":1e-100,"fillMode":"both","duration":3}],"layers":[],"initialState":{"affineTransform":[1,0,0,1,0,0],"masksToBounds":false,"rotation":0,"scale":1,"position":{"pointX":382.5,"pointY":287.14990234375},"width":768,"sublayerTransform":[1,0,0,0,0,1,0,0,0,0,1,0,0,0,0,1],"contentsRect":{"y":0,"x":0,"width":1,"height":1},"opacity":1,"edgeAntialiasingMask":0,"height":577,"hidden":true,"anchorPoint":{"pointX":0.5,"pointY":0.5}},"texture":"1E99580C0B976AA9B0AF1B09E11FA939"}]}]},"effects":[{"beginTime":0,"baseLayer":{"animations":[],"initialState":{"affineTransform":[1,0,0,1,0,0],"masksToBounds":false,"rotation":0,"scale":1,"position":{"pointX":512,"pointY":468.35009765625},"width":794.4650268554688,"sublayerTransform":[1,0,0,0,0,1,0,0,0,0,1,0,0,0,0,1],"contentsRect":{"y":0,"x":0,"width":1,"height":1},"opacity":1,"edgeAntialiasingMask":15,"height":583.9039916992188,"hidden":false,"anchorPoint":{"pointX":0.5,"pointY":0.5}},"objectID":"5735C33F-EE81-45A2-B6F2-906CACCDC011","layers":[{"animations":[],"initialState":{"affineTransform":[1,0,0,1,0,0],"masksToBounds":false,"rotation":0,"scale":1,"position":{"pointX":397.2325134277344,"pointY":207.6018981933594},"width":794.4650268554688,"sublayerTransform":[1,0,0,0,0,1,0,0,0,0,1,-0.0004922987690640373,0,0,0,1],"contentsRect":{"y":0,"x":0,"width":1,"height":1},"opacity":1,"edgeAntialiasingMask":15,"height":583.9039916992188,"hidden":false,"anchorPoint":{"pointX":0.5,"pointY":0.3555411525604015}},"layers":[{"animations":[{"repeatCount":0,"animations":[{"from":{"scalar":false},"beginTime":0,"repeatCount":0,"fillMode":"forwards","property":"hidden","duration":3,"to":{"scalar":false}},{"timingFunctions":[{"timingFunction":"custom","timingControlPoint1y":0.9160332083702087,"timingControlPoint2x":0.6139457821846008,"timingControlPoint1x":0.3855863213539124,"timingControlPoint2y":0.9703839421272278},{"timingFunction":"custom","timingControlPoint1y":0.25,"timingControlPoint2x":0.75,"timingControlPoint1x":0.25,"timingControlPoint2y":0.75},{"timingFunction":"custom","timingControlPoint1y":0.02804292365908623,"timingControlPoint2x":0.7731193900108337,"timingControlPoint1x":0.5403857231140137,"timingControlPoint2y":0.2109718173742294}],"values":[{"scalar":0},{"scalar":0.9},{"scalar":1.1},{"scalar":6}],"beginTime":0,"repeatCount":0,"keyTimes":[0,0.2,0.8,1],"property":"transform.scale.xy","fillMode":"both","duration":3},{"timingFunctions":[{"timingFunction":"custom","timingControlPoint1y":0,"timingControlPoint2x":0.6999200582504272,"timingControlPoint1x":0.3495398461818695,"timingControlPoint2y":0.9022355079650879},{"timingFunction":"linear"},{"timingFunction":"custom","timingControlPoint1y":0.1480011492967606,"timingControlPoint2x":0.4976903200149536,"timingControlPoint1x":0.3995950222015381,"timingControlPoint2y":1}],"values":[{"scalar":0},{"scalar":1},{"scalar":1},{"scalar":0}],"beginTime":0,"repeatCount":0,"keyTimes":[0,0.3,0.8,1],"property":"opacity","fillMode":"both","duration":3},{"from":{"pointX":0.5,"pointY":0.5},"beginTime":0,"repeatCount":0,"fillMode":"removed","property":"anchorPoint","duration":3,"to":{"pointX":0.5,"pointY":0.5}},{"from":{"scalar":0},"beginTime":0,"repeatCount":0,"fillMode":"removed","property":"transform.translation.x","duration":3,"to":{"scalar":0}},{"from":{"scalar":0},"beginTime":0,"repeatCount":0,"fillMode":"removed","property":"transform.translation.y","duration":3,"to":{"scalar":0}}],"beginTime":1e-100,"fillMode":"both","duration":3}],"layers":[],"initialState":{"affineTransform":[1,0,0,1,0,0],"masksToBounds":false,"rotation":0,"scale":1,"position":{"pointX":397.2325134277344,"pointY":292.1018981933594},"width":798,"sublayerTransform":[1,0,0,0,0,1,0,0,0,0,1,0,0,0,0,1],"contentsRect":{"y":0,"x":0,"width":1,"height":1},"opacity":1,"edgeAntialiasingMask":0,"height":587,"hidden":true,"anchorPoint":{"pointX":0.5,"pointY":0.5}},"texture":"45FF184C402E261F40BF271A5BE2D62B"}]}]},"effects":[],"duration":3,"type":"buildIn","name":"apple:drift and scale","objectID":"5735C33F-EE81-45A2-B6F2-906CACCDC011"}],"duration":3,"type":"buildIn","name":"apple:drift and scale","objectID":"4B357A7D-DFB8-47F8-B8CE-BC033E4C1A04"}],"duration":3,"type":"buildIn","name":"apple:drift and scale","objectID":"39CD14A5-0D6B-449B-8ABA-9E351A95F4D5"}],"automaticPlay":false,"hyperlinks":[],"accessibility":[{"text":"Existing music creation tools are too complicated!","targetRectangle":{"y":23,"x":71.29599999999999,"width":899.2,"height":154.1435546875}}],"baseLayer":{"animations":[],"initialState":{"affineTransform":[1,0,0,1,0,0],"masksToBounds":true,"rotation":0,"scale":1,"position":{"pointX":512,"pointY":384},"width":1024,"sublayerTransform":[1,0,0,0,0,1,0,0,0,0,1,0,0,0,0,1],"contentsRect":{"y":0,"x":0,"width":1,"height":1},"opacity":1,"edgeAntialiasingMask":0,"height":768,"hidden":false,"anchorPoint":{"pointX":0.5,"pointY":0.5}},"layers":[{"animations":[],"initialState":{"affineTransform":[1,0,0,1,0,0],"masksToBounds":false,"rotation":0,"scale":1,"position":{"pointX":512,"pointY":384},"width":1024,"sublayerTransform":[1,0,0,0,0,1,0,0,0,0,1,0,0,0,0,1],"contentsRect":{"y":0,"x":0,"width":1,"height":1},"opacity":1,"edgeAntialiasingMask":15,"height":768,"hidden":false,"anchorPoint":{"pointX":0.5,"pointY":0.5}},"layers":[{"animations":[],"initialState":{"affineTransform":[1,0,0,1,0,0],"masksToBounds":false,"rotation":0,"scale":1,"position":{"pointX":512,"pointY":384},"width":1024,"sublayerTransform":[1,0,0,0,0,1,0,0,0,0,1,0,0,0,0,1],"contentsRect":{"y":0,"x":0,"width":1,"height":1},"opacity":1,"edgeAntialiasingMask":15,"height":768,"hidden":false,"anchorPoint":{"pointX":0.5,"pointY":0.5}},"layers":[{"animations":[],"layers":[],"initialState":{"affineTransform":[1,0,0,1,0,0],"masksToBounds":false,"rotation":0,"scale":1,"position":{"pointX":512,"pointY":384},"width":1024,"sublayerTransform":[1,0,0,0,0,1,0,0,0,0,1,0,0,0,0,1],"contentsRect":{"y":0,"x":0,"width":1,"height":1},"opacity":1,"edgeAntialiasingMask":0,"height":768,"hidden":false,"anchorPoint":{"pointX":0.5,"pointY":0.5}},"texture":"9A3443EAEA5AE3BD5913391E7E679FF2"}]}]},{"animations":[],"initialState":{"affineTransform":[1,0,0,1,0,0],"masksToBounds":false,"rotation":0,"scale":1,"position":{"pointX":512,"pointY":384},"width":1024,"sublayerTransform":[1,0,0,0,0,1,0,0,0,0,1,0,0,0,0,1],"contentsRect":{"y":0,"x":0,"width":1,"height":1},"opacity":1,"edgeAntialiasingMask":15,"height":768,"hidden":false,"anchorPoint":{"pointX":0.5,"pointY":0.5}},"layers":[{"animations":[],"initialState":{"affineTransform":[1,0,0,1,0,0],"masksToBounds":false,"rotation":0,"scale":1,"position":{"pointX":512,"pointY":100.5},"width":904,"sublayerTransform":[1,0,0,0,0,1,0,0,0,0,1,0,0,0,0,1],"contentsRect":{"y":0,"x":0,"width":1,"height":1},"opacity":1,"edgeAntialiasingMask":15,"height":169,"hidden":false,"anchorPoint":{"pointX":0.5,"pointY":0.5}},"objectID":"C9970F8E-957D-48E8-9B67-3C4860609728","layers":[{"animations":[],"layers":[],"initialState":{"affineTransform":[1,0,0,1,0,0],"masksToBounds":false,"rotation":0,"scale":1,"position":{"pointX":454,"pointY":93},"width":888,"sublayerTransform":[1,0,0,0,0,1,0,0,0,0,1,0,0,0,0,1],"contentsRect":{"y":0,"x":0,"width":1,"height":1},"opacity":1,"edgeAntialiasingMask":0,"height":146,"hidden":false,"anchorPoint":{"pointX":0.5,"pointY":0.5}},"texture":"256224C7715D5F7DC16349E5273033D4"}]}]},{"animations":[],"initialState":{"affineTransform":[1,0,0,1,0,0],"masksToBounds":false,"rotation":0,"scale":1,"position":{"pointX":512,"pointY":384},"width":1024,"sublayerTransform":[1,0,0,0,0,1,0,0,0,0,1,0,0,0,0,1],"contentsRect":{"y":0,"x":0,"width":1,"height":1},"opacity":1,"edgeAntialiasingMask":15,"height":768,"hidden":false,"anchorPoint":{"pointX":0.5,"pointY":0.5}},"layers":[{"animations":[],"initialState":{"affineTransform":[1,0,0,1,0,0],"masksToBounds":false,"rotation":0,"scale":1,"position":{"pointX":512,"pointY":468.35009765625},"width":771.8634033203125,"sublayerTransform":[1,0,0,0,0,1,0,0,0,0,1,0,0,0,0,1],"contentsRect":{"y":0,"x":0,"width":1,"height":1},"opacity":1,"edgeAntialiasingMask":15,"height":578.8975219726562,"hidden":false,"anchorPoint":{"pointX":0.5,"pointY":0.5}},"objectID":"39CD14A5-0D6B-449B-8ABA-9E351A95F4D5","layers":[{"animations":[],"layers":[],"initialState":{"affineTransform":[1,0,0,1,0,0],"masksToBounds":false,"rotation":0,"scale":1,"position":{"pointX":385.9317016601562,"pointY":289.0986633300781},"width":814,"sublayerTransform":[1,0,0,0,0,1,0,0,0,0,1,0,0,0,0,1],"contentsRect":{"y":0,"x":0,"width":1,"height":1},"opacity":1,"edgeAntialiasingMask":0,"height":642,"hidden":true,"anchorPoint":{"pointX":0.5,"pointY":0.5}},"texture":"F94A8638CE1D54EEE2D0738DB27AE44A"}]}]},{"animations":[],"initialState":{"affineTransform":[1,0,0,1,0,0],"masksToBounds":false,"rotation":0,"scale":1,"position":{"pointX":512,"pointY":384},"width":1024,"sublayerTransform":[1,0,0,0,0,1,0,0,0,0,1,0,0,0,0,1],"contentsRect":{"y":0,"x":0,"width":1,"height":1},"opacity":1,"edgeAntialiasingMask":15,"height":768,"hidden":false,"anchorPoint":{"pointX":0.5,"pointY":0.5}},"layers":[{"animations":[],"initialState":{"affineTransform":[1,0,0,1,0,0],"masksToBounds":false,"rotation":0,"scale":1,"position":{"pointX":512,"pointY":468.35009765625},"width":765,"sublayerTransform":[1,0,0,0,0,1,0,0,0,0,1,0,0,0,0,1],"contentsRect":{"y":0,"x":0,"width":1,"height":1},"opacity":1,"edgeAntialiasingMask":15,"height":574,"hidden":false,"anchorPoint":{"pointX":0.5,"pointY":0.5}},"objectID":"4B357A7D-DFB8-47F8-B8CE-BC033E4C1A04","layers":[{"animations":[],"layers":[],"initialState":{"affineTransform":[1,0,0,1,0,0],"masksToBounds":false,"rotation":0,"scale":1,"position":{"pointX":382.5,"pointY":287.14990234375},"width":768,"sublayerTransform":[1,0,0,0,0,1,0,0,0,0,1,0,0,0,0,1],"contentsRect":{"y":0,"x":0,"width":1,"height":1},"opacity":1,"edgeAntialiasingMask":0,"height":577,"hidden":true,"anchorPoint":{"pointX":0.5,"pointY":0.5}},"texture":"1E99580C0B976AA9B0AF1B09E11FA939"}]}]},{"animations":[],"initialState":{"affineTransform":[1,0,0,1,0,0],"masksToBounds":false,"rotation":0,"scale":1,"position":{"pointX":512,"pointY":384},"width":1024,"sublayerTransform":[1,0,0,0,0,1,0,0,0,0,1,0,0,0,0,1],"contentsRect":{"y":0,"x":0,"width":1,"height":1},"opacity":1,"edgeAntialiasingMask":15,"height":768,"hidden":false,"anchorPoint":{"pointX":0.5,"pointY":0.5}},"layers":[{"animations":[],"initialState":{"affineTransform":[1,0,0,1,0,0],"masksToBounds":false,"rotation":0,"scale":1,"position":{"pointX":512,"pointY":468.35009765625},"width":794.4650268554688,"sublayerTransform":[1,0,0,0,0,1,0,0,0,0,1,0,0,0,0,1],"contentsRect":{"y":0,"x":0,"width":1,"height":1},"opacity":1,"edgeAntialiasingMask":15,"height":583.9039916992188,"hidden":false,"anchorPoint":{"pointX":0.5,"pointY":0.5}},"objectID":"5735C33F-EE81-45A2-B6F2-906CACCDC011","layers":[{"animations":[],"layers":[],"initialState":{"affineTransform":[1,0,0,1,0,0],"masksToBounds":false,"rotation":0,"scale":1,"position":{"pointX":397.2325134277344,"pointY":292.1018981933594},"width":798,"sublayerTransform":[1,0,0,0,0,1,0,0,0,0,1,0,0,0,0,1],"contentsRect":{"y":0,"x":0,"width":1,"height":1},"opacity":1,"edgeAntialiasingMask":0,"height":587,"hidden":true,"anchorPoint":{"pointX":0.5,"pointY":0.5}},"texture":"45FF184C402E261F40BF271A5BE2D62B"}]}]}]}},{"effects":[{"beginTime":0.5,"baseLayer":{"animations":[],"initialState":{"affineTransform":[1,0,0,1,0,0],"masksToBounds":true,"rotation":0,"scale":1,"position":{"pointX":512,"pointY":384},"width":1024,"sublayerTransform":[1,0,0,0,0,1,0,0,0,0,1,0,0,0,0,1],"contentsRect":{"y":0,"x":0,"width":1,"height":1},"opacity":1,"edgeAntialiasingMask":0,"height":768,"hidden":false,"anchorPoint":{"pointX":0.5,"pointY":0.5}},"objectID":"0","layers":[{"animations":[],"initialState":{"affineTransform":[1,0,0,1,0,0],"masksToBounds":false,"rotation":0,"scale":1,"position":{"pointX":512,"pointY":384},"width":1024,"sublayerTransform":[1,0,0,0,0,1,0,0,0,0,1,0,0,0,0,1],"contentsRect":{"y":0,"x":0,"width":1,"height":1},"opacity":1,"edgeAntialiasingMask":15,"height":768,"hidden":false,"anchorPoint":{"pointX":0.5,"pointY":0.5}},"layers":[{"animations":[{"repeatCount":0,"animations":[{"from":{"scalar":0},"beginTime":0,"repeatCount":0,"fillMode":"both","property":"zPosition","duration":2,"timingFunction":"linear","to":{"scalar":0}}],"beginTime":0,"fillMode":"both","duration":2}],"initialState":{"affineTransform":[1,0,0,1,0,0],"masksToBounds":false,"rotation":0,"scale":1,"position":{"pointX":512,"pointY":384},"width":1024,"sublayerTransform":[1,0,0,0,0,1,0,0,0,0,1,0,0,0,0,1],"contentsRect":{"y":0,"x":0,"width":1,"height":1},"opacity":1,"edgeAntialiasingMask":15,"height":768,"hidden":false,"anchorPoint":{"pointX":0.5,"pointY":0.5}},"layers":[{"animations":[],"layers":[],"initialState":{"affineTransform":[1,0,0,1,0,0],"masksToBounds":false,"rotation":0,"scale":1,"position":{"pointX":512,"pointY":384},"width":1024,"sublayerTransform":[1,0,0,0,0,1,0,0,0,0,1,0,0,0,0,1],"contentsRect":{"y":0,"x":0,"width":1,"height":1},"opacity":1,"edgeAntialiasingMask":0,"height":768,"hidden":false,"anchorPoint":{"pointX":0.5,"pointY":0.5}},"texture":"9A3443EAEA5AE3BD5913391E7E679FF2"}]}]},{"animations":[{"repeatCount":0,"animations":[{"from":{"scalar":1},"beginTime":0,"repeatCount":0,"fillMode":"both","property":"zPosition","duration":2,"timingFunction":"linear","to":{"scalar":1}}],"beginTime":0,"fillMode":"both","duration":2}],"initialState":{"affineTransform":[1,0,0,1,0,0],"masksToBounds":false,"rotation":0,"scale":1,"position":{"pointX":512,"pointY":100.5},"width":904,"sublayerTransform":[1,0,0,0,0,1,0,0,0,0,1,0,0,0,0,1],"contentsRect":{"y":0,"x":0,"width":1,"height":1},"opacity":1,"edgeAntialiasingMask":15,"height":169,"hidden":false,"anchorPoint":{"pointX":0.5,"pointY":0.5}},"layers":[{"animations":[{"repeatCount":0,"animations":[{"from":{"scalar":1},"beginTime":0,"repeatCount":0,"fillMode":"forwards","property":"opacity","duration":2,"timingFunction":"linear","to":{"scalar":0}},{"from":{"scalar":true},"beginTime":1.998,"repeatCount":0,"fillMode":"forwards","property":"hidden","duration":0.002000000000000002,"to":{"scalar":true}}],"beginTime":0,"fillMode":"both","duration":2}],"layers":[],"initialState":{"affineTransform":[1,0,0,1,0,0],"masksToBounds":false,"rotation":0,"scale":1,"position":{"pointX":453,"pointY":54.5},"width":886,"sublayerTransform":[1,0,0,0,0,1,0,0,0,0,1,0,0,0,0,1],"contentsRect":{"y":0,"x":0,"width":1,"height":1},"opacity":1,"edgeAntialiasingMask":0,"height":69,"hidden":false,"anchorPoint":{"pointX":0.5,"pointY":0.5}},"texture":"F7DD55AEF0D35252504284DD86603A71"}]},{"animations":[{"repeatCount":0,"animations":[{"from":{"scalar":2},"beginTime":0,"repeatCount":0,"fillMode":"both","property":"zPosition","duration":2,"timingFunction":"linear","to":{"scalar":2}}],"beginTime":0,"fillMode":"both","duration":2}],"initialState":{"affineTransform":[1,0,0,1,0,0],"masksToBounds":false,"rotation":0,"scale":1,"position":{"pointX":512,"pointY":100.5},"width":904,"sublayerTransform":[1,0,0,0,0,1,0,0,0,0,1,0,0,0,0,1],"contentsRect":{"y":0,"x":0,"width":1,"height":1},"opacity":1,"edgeAntialiasingMask":15,"height":169,"hidden":false,"anchorPoint":{"pointX":0.5,"pointY":0.5}},"layers":[{"animations":[{"repeatCount":0,"animations":[{"from":{"scalar":1},"beginTime":0,"repeatCount":0,"fillMode":"forwards","property":"opacity","duration":2,"timingFunction":"linear","to":{"scalar":0}},{"from":{"scalar":true},"beginTime":1.998,"repeatCount":0,"fillMode":"forwards","property":"hidden","duration":0.002000000000000002,"to":{"scalar":true}}],"beginTime":0,"fillMode":"both","duration":2}],"layers":[],"initialState":{"affineTransform":[1,0,0,1,0,0],"masksToBounds":false,"rotation":0,"scale":1,"position":{"pointX":451,"pointY":132},"width":634,"sublayerTransform":[1,0,0,0,0,1,0,0,0,0,1,0,0,0,0,1],"contentsRect":{"y":0,"x":0,"width":1,"height":1},"opacity":1,"edgeAntialiasingMask":0,"height":68,"hidden":false,"anchorPoint":{"pointX":0.5,"pointY":0.5}},"texture":"0BFDE4B711B5DFFB060A73C4DB885041"}]},{"animations":[{"repeatCount":0,"animations":[{"from":{"scalar":3},"beginTime":0,"repeatCount":0,"fillMode":"both","property":"zPosition","duration":2,"timingFunction":"linear","to":{"scalar":3}}],"beginTime":0,"fillMode":"both","duration":2}],"initialState":{"affineTransform":[1,0,0,1,0,0],"masksToBounds":false,"rotation":0,"scale":1,"position":{"pointX":512,"pointY":384},"width":904,"sublayerTransform":[1,0,0,0,0,1,0,0,0,0,1,0,0,0,0,1],"contentsRect":{"y":0,"x":0,"width":1,"height":1},"opacity":1,"edgeAntialiasingMask":15,"height":214,"hidden":false,"anchorPoint":{"pointX":0.5,"pointY":0.5}},"layers":[{"animations":[{"repeatCount":0,"animations":[{"from":{"scalar":0},"beginTime":0,"repeatCount":0,"fillMode":"both","property":"opacity","duration":2,"timingFunction":"linear","to":{"scalar":1}},{"from":{"scalar":false},"beginTime":0,"repeatCount":0,"fillMode":"forwards","property":"hidden","duration":2,"to":{"scalar":false}}],"beginTime":0,"fillMode":"both","duration":2}],"layers":[],"initialState":{"affineTransform":[1,0,0,1,0,0],"masksToBounds":false,"rotation":0,"scale":1,"position":{"pointX":451,"pointY":191.5},"width":382,"sublayerTransform":[1,0,0,0,0,1,0,0,0,0,1,0,0,0,0,1],"contentsRect":{"y":0,"x":0,"width":1,"height":1},"opacity":1,"edgeAntialiasingMask":0,"height":219,"hidden":true,"anchorPoint":{"pointX":0.5,"pointY":0.5}},"texture":"506D56C0DDE7F0343EE226A6A934367C"}]}]},"effects":[],"duration":2,"type":"transition","name":"apple:magic-move-implied-motion-path","objectID":"0"}],"automaticPlay":true,"hyperlinks":[],"accessibility":[{"text":"Existing music creation tools are too complicated!","targetRectangle":{"y":23,"x":71.29599999999999,"width":899.2,"height":154.1435546875}}],"baseLayer":{"animations":[],"initialState":{"affineTransform":[1,0,0,1,0,0],"masksToBounds":true,"rotation":0,"scale":1,"position":{"pointX":512,"pointY":384},"width":1024,"sublayerTransform":[1,0,0,0,0,1,0,0,0,0,1,0,0,0,0,1],"contentsRect":{"y":0,"x":0,"width":1,"height":1},"opacity":1,"edgeAntialiasingMask":0,"height":768,"hidden":false,"anchorPoint":{"pointX":0.5,"pointY":0.5}},"objectID":"0","layers":[{"animations":[],"initialState":{"affineTransform":[1,0,0,1,0,0],"masksToBounds":false,"rotation":0,"scale":1,"position":{"pointX":512,"pointY":384},"width":1024,"sublayerTransform":[1,0,0,0,0,1,0,0,0,0,1,0,0,0,0,1],"contentsRect":{"y":0,"x":0,"width":1,"height":1},"opacity":1,"edgeAntialiasingMask":15,"height":768,"hidden":false,"anchorPoint":{"pointX":0.5,"pointY":0.5}},"layers":[{"animations":[],"initialState":{"affineTransform":[1,0,0,1,0,0],"masksToBounds":false,"rotation":0,"scale":1,"position":{"pointX":512,"pointY":384},"width":1024,"sublayerTransform":[1,0,0,0,0,1,0,0,0,0,1,0,0,0,0,1],"contentsRect":{"y":0,"x":0,"width":1,"height":1},"opacity":1,"edgeAntialiasingMask":15,"height":768,"hidden":false,"anchorPoint":{"pointX":0.5,"pointY":0.5}},"layers":[{"animations":[],"layers":[],"initialState":{"affineTransform":[1,0,0,1,0,0],"masksToBounds":false,"rotation":0,"scale":1,"position":{"pointX":512,"pointY":384},"width":1024,"sublayerTransform":[1,0,0,0,0,1,0,0,0,0,1,0,0,0,0,1],"contentsRect":{"y":0,"x":0,"width":1,"height":1},"opacity":1,"edgeAntialiasingMask":0,"height":768,"hidden":false,"anchorPoint":{"pointX":0.5,"pointY":0.5}},"texture":"9A3443EAEA5AE3BD5913391E7E679FF2"}]}]},{"animations":[],"initialState":{"affineTransform":[1,0,0,1,0,0],"masksToBounds":false,"rotation":0,"scale":1,"position":{"pointX":512,"pointY":100.5},"width":904,"sublayerTransform":[1,0,0,0,0,1,0,0,0,0,1,0,0,0,0,1],"contentsRect":{"y":0,"x":0,"width":1,"height":1},"opacity":1,"edgeAntialiasingMask":15,"height":169,"hidden":false,"anchorPoint":{"pointX":0.5,"pointY":0.5}},"layers":[{"animations":[],"layers":[],"initialState":{"affineTransform":[1,0,0,1,0,0],"masksToBounds":false,"rotation":0,"scale":1,"position":{"pointX":453,"pointY":54.5},"width":886,"sublayerTransform":[1,0,0,0,0,1,0,0,0,0,1,0,0,0,0,1],"contentsRect":{"y":0,"x":0,"width":1,"height":1},"opacity":1,"edgeAntialiasingMask":0,"height":69,"hidden":false,"anchorPoint":{"pointX":0.5,"pointY":0.5}},"texture":"F7DD55AEF0D35252504284DD86603A71"}]},{"animations":[],"initialState":{"affineTransform":[1,0,0,1,0,0],"masksToBounds":false,"rotation":0,"scale":1,"position":{"pointX":512,"pointY":100.5},"width":904,"sublayerTransform":[1,0,0,0,0,1,0,0,0,0,1,0,0,0,0,1],"contentsRect":{"y":0,"x":0,"width":1,"height":1},"opacity":1,"edgeAntialiasingMask":15,"height":169,"hidden":false,"anchorPoint":{"pointX":0.5,"pointY":0.5}},"layers":[{"animations":[],"layers":[],"initialState":{"affineTransform":[1,0,0,1,0,0],"masksToBounds":false,"rotation":0,"scale":1,"position":{"pointX":451,"pointY":132},"width":634,"sublayerTransform":[1,0,0,0,0,1,0,0,0,0,1,0,0,0,0,1],"contentsRect":{"y":0,"x":0,"width":1,"height":1},"opacity":1,"edgeAntialiasingMask":0,"height":68,"hidden":false,"anchorPoint":{"pointX":0.5,"pointY":0.5}},"texture":"0BFDE4B711B5DFFB060A73C4DB885041"}]},{"animations":[],"initialState":{"affineTransform":[1,0,0,1,0,0],"masksToBounds":false,"rotation":0,"scale":1,"position":{"pointX":512,"pointY":384},"width":904,"sublayerTransform":[1,0,0,0,0,1,0,0,0,0,1,0,0,0,0,1],"contentsRect":{"y":0,"x":0,"width":1,"height":1},"opacity":1,"edgeAntialiasingMask":15,"height":214,"hidden":false,"anchorPoint":{"pointX":0.5,"pointY":0.5}},"layers":[{"animations":[],"layers":[],"initialState":{"affineTransform":[1,0,0,1,0,0],"masksToBounds":false,"rotation":0,"scale":1,"position":{"pointX":451,"pointY":191.5},"width":382,"sublayerTransform":[1,0,0,0,0,1,0,0,0,0,1,0,0,0,0,1],"contentsRect":{"y":0,"x":0,"width":1,"height":1},"opacity":1,"edgeAntialiasingMask":0,"height":219,"hidden":true,"anchorPoint":{"pointX":0.5,"pointY":0.5}},"texture":"506D56C0DDE7F0343EE226A6A934367C"}]}]}}]}