{"assets":{"031D09998136228316E694ABF1FB9A64":{"type":"texture","index":20,"assetRequest":{"type":"slide","state":"incoming","slide":"34769E3A-B326-44D2-A3E9-4B3E4128D0D6"},"url":"assets/031D09998136228316E694ABF1FB9A64.svg","width":1024,"height":768},"DA414C15DAB9965A067C102FE6797E8F":{"type":"texture","index":19,"assetRequest":{"type":"slide","state":"outgoing","slide":"C0178108-6DEE-412D-A9DD-5AF74A70B6E9"},"url":"assets/DA414C15DAB9965A067C102FE6797E8F.svg","width":1024,"height":768}},"events":[{"effects":[{"beginTime":0,"baseLayer":{"animations":[],"initialState":{"affineTransform":[1,0,0,1,0,0],"masksToBounds":true,"rotation":0,"scale":1,"position":{"pointX":512,"pointY":384},"width":1024,"sublayerTransform":[1,0,0,0,0,1,0,0,0,0,1,0,0,0,0,1],"contentsRect":{"y":0,"x":0,"width":1,"height":1},"opacity":1,"edgeAntialiasingMask":0,"height":768,"hidden":false,"anchorPoint":{"pointX":0.5,"pointY":0.5}},"objectID":"0","layers":[{"animations":[],"initialState":{"affineTransform":[1,0,0,1,0,0],"masksToBounds":false,"rotation":0,"scale":1,"position":{"pointX":512,"pointY":384},"width":1024,"sublayerTransform":[1,0,0,0,0,1,0,0,0,0,1,-0.0004922987690640373,0,0,0,1],"contentsRect":{"y":0,"x":0,"width":1,"height":1},"opacity":1,"edgeAntialiasingMask":15,"height":768,"hidden":false,"anchorPoint":{"pointX":0.5,"pointY":0.5}},"layers":[{"animations":[],"layers":[],"initialState":{"affineTransform":[1,0,0,1,0,0],"masksToBounds":false,"rotation":0,"scale":1,"position":{"pointX":512,"pointY":384},"width":1024,"sublayerTransform":[1,0,0,0,0,1,0,0,0,0,1,0,0,0,0,1],"contentsRect":{"y":0,"x":0,"width":1,"height":1},"opacity":1,"edgeAntialiasingMask":0,"height":768,"hidden":false,"anchorPoint":{"pointX":0.5,"pointY":0.5}},"texture":"031D09998136228316E694ABF1FB9A64"},{"animations":[{"from":{"scalar":false},"beginTime":0,"repeatCount":0,"fillMode":"both","property":"hidden","duration":0.01,"to":{"scalar":true}}],"layers":[],"initialState":{"affineTransform":[1,0,0,1,0,0],"masksToBounds":false,"rotation":0,"scale":1,"position":{"pointX":512,"pointY":384},"width":1024,"sublayerTransform":[1,0,0,0,0,1,0,0,0,0,1,0,0,0,0,1],"contentsRect":{"y":0,"x":0,"width":1,"height":1},"opacity":1,"edgeAntialiasingMask":0,"height":768,"hidden":false,"anchorPoint":{"pointX":0.5,"pointY":0.5}},"texture":"DA414C15DAB9965A067C102FE6797E8F"}]}]},"effects":[],"duration":0.01,"type":"transition","name":"none","objectID":"0"}],"automaticPlay":false,"hyperlinks":[],"accessibility":[{"text":"Feature List","targetRectangle":{"y":65,"x":331.232,"width":361.5360000000001,"height":76.1435546875}},{"text":"Enhanced Loop Toggle","targetRectangle":{"y":219.2988586425781,"x":64,"width":254.784,"height":28.3038330078125}},{"text":"Ability to loop quickly turn on and off synth looping as well as control volume on loops","targetRectangle":{"y":248.2988586425781,"x":83.2000015076469,"width":809.0844000000002,"height":49.60825905799868}},{"text":"Switch between over 12 synths","targetRectangle":{"y":298.4988596439362,"x":64,"width":345.0240000000001,"height":53.50383400917053}},{"text":"Quickly switch synths in real time by pressing the up and down arrow","targetRectangle":{"y":352.6988606452942,"x":83.2000015076469,"width":651.0456000000001,"height":49.60825905799868}},{"text":"Toggle Drum Beat","targetRectangle":{"y":402.8988616466522,"x":64,"width":198.744,"height":53.50383400917053}},{"text":"Ability to toggle a drum beat on and off and switch its’ tempo using just the mouse","targetRectangle":{"y":457.0988626480103,"x":83.2000015076469,"width":776.9136000000001,"height":49.60825905799868}},{"text":"Audio Visuals","targetRectangle":{"y":507.2988636493683,"x":64,"width":149.64,"height":53.50383400917053}},{"text":"Intuitive visual canvas ","targetRectangle":{"y":561.4988646507263,"x":83.2000015076469,"width":210.4872,"height":49.60825905799868}}],"baseLayer":{"animations":[],"initialState":{"affineTransform":[1,0,0,1,0,0],"masksToBounds":true,"rotation":0,"scale":1,"position":{"pointX":512,"pointY":384},"width":1024,"sublayerTransform":[1,0,0,0,0,1,0,0,0,0,1,0,0,0,0,1],"contentsRect":{"y":0,"x":0,"width":1,"height":1},"opacity":1,"edgeAntialiasingMask":0,"height":768,"hidden":false,"anchorPoint":{"pointX":0.5,"pointY":0.5}},"objectID":"0","layers":[{"animations":[],"initialState":{"affineTransform":[1,0,0,1,0,0],"masksToBounds":false,"rotation":0,"scale":1,"position":{"pointX":512,"pointY":384},"width":1024,"sublayerTransform":[1,0,0,0,0,1,0,0,0,0,1,-0.0004922987690640373,0,0,0,1],"contentsRect":{"y":0,"x":0,"width":1,"height":1},"opacity":1,"edgeAntialiasingMask":15,"height":768,"hidden":false,"anchorPoint":{"pointX":0.5,"pointY":0.5}},"layers":[{"animations":[],"layers":[],"initialState":{"affineTransform":[1,0,0,1,0,0],"masksToBounds":false,"rotation":0,"scale":1,"position":{"pointX":512,"pointY":384},"width":1024,"sublayerTransform":[1,0,0,0,0,1,0,0,0,0,1,0,0,0,0,1],"contentsRect":{"y":0,"x":0,"width":1,"height":1},"opacity":1,"edgeAntialiasingMask":0,"height":768,"hidden":false,"anchorPoint":{"pointX":0.5,"pointY":0.5}},"texture":"DA414C15DAB9965A067C102FE6797E8F"}]}]}}]}