{"assets":{"031D09998136228316E694ABF1FB9A64":{"type":"texture","index":19,"assetRequest":{"type":"slide","state":"incoming","slide":"34769E3A-B326-44D2-A3E9-4B3E4128D0D6"},"url":"assets/031D09998136228316E694ABF1FB9A64.svg","width":1024,"height":768},"CB300472B95CBF0E54994A149B8EC9D6":{"type":"texture","index":18,"assetRequest":{"type":"slide","state":"outgoing","slide":"C0178108-6DEE-412D-A9DD-5AF74A70B6E9"},"url":"assets/CB300472B95CBF0E54994A149B8EC9D6.svg","width":1024,"height":768}},"events":[{"effects":[{"beginTime":0,"baseLayer":{"animations":[],"initialState":{"affineTransform":[1,0,0,1,0,0],"masksToBounds":true,"rotation":0,"scale":1,"position":{"pointX":512,"pointY":384},"width":1024,"sublayerTransform":[1,0,0,0,0,1,0,0,0,0,1,0,0,0,0,1],"contentsRect":{"y":0,"x":0,"width":1,"height":1},"opacity":1,"edgeAntialiasingMask":0,"height":768,"hidden":false,"anchorPoint":{"pointX":0.5,"pointY":0.5}},"objectID":"0","layers":[{"animations":[],"initialState":{"affineTransform":[1,0,0,1,0,0],"masksToBounds":false,"rotation":0,"scale":1,"position":{"pointX":512,"pointY":384},"width":1024,"sublayerTransform":[1,0,0,0,0,1,0,0,0,0,1,-0.0004922987690640373,0,0,0,1],"contentsRect":{"y":0,"x":0,"width":1,"height":1},"opacity":1,"edgeAntialiasingMask":15,"height":768,"hidden":false,"anchorPoint":{"pointX":0.5,"pointY":0.5}},"layers":[{"animations":[],"layers":[],"initialState":{"affineTransform":[1,0,0,1,0,0],"masksToBounds":false,"rotation":0,"scale":1,"position":{"pointX":512,"pointY":384},"width":1024,"sublayerTransform":[1,0,0,0,0,1,0,0,0,0,1,0,0,0,0,1],"contentsRect":{"y":0,"x":0,"width":1,"height":1},"opacity":1,"edgeAntialiasingMask":0,"height":768,"hidden":false,"anchorPoint":{"pointX":0.5,"pointY":0.5}},"texture":"031D09998136228316E694ABF1FB9A64"},{"animations":[{"from":{"scalar":false},"beginTime":0,"repeatCount":0,"fillMode":"both","property":"hidden","duration":0.01,"to":{"scalar":true}}],"layers":[],"initialState":{"affineTransform":[1,0,0,1,0,0],"masksToBounds":false,"rotation":0,"scale":1,"position":{"pointX":512,"pointY":384},"width":1024,"sublayerTransform":[1,0,0,0,0,1,0,0,0,0,1,0,0,0,0,1],"contentsRect":{"y":0,"x":0,"width":1,"height":1},"opacity":1,"edgeAntialiasingMask":0,"height":768,"hidden":false,"anchorPoint":{"pointX":0.5,"pointY":0.5}},"texture":"CB300472B95CBF0E54994A149B8EC9D6"}]}]},"effects":[],"duration":0.01,"type":"transition","name":"none","objectID":"0"}],"automaticPlay":false,"hyperlinks":[],"accessibility":[{"text":"Feature List","targetRectangle":{"y":65,"x":331.232,"width":361.5360000000001,"height":76.1435546875}},{"text":"Enhanced Loop Toggle","targetRectangle":{"y":156.7447814941406,"x":64,"width":257.4052,"height":28.31543579101563}},{"text":"Ability to quickly create synth loops. Then toggle a loop turn on and off to control when a particular loop plays.","targetRectangle":{"y":185.7447814941406,"x":76.79999944395936,"width":888.7760000000001,"height":74.11543604135517}},{"text":"Control Volume Level of a Loop","targetRectangle":{"y":260.5447817444801,"x":64,"width":351.8052,"height":45.11543604135517}},{"text":"Ability to adjust the volume of a particular loop in real-time.","targetRectangle":{"y":306.3447819948196,"x":76.79999944395936,"width":644.8227999999999,"height":45.11543604135517}},{"text":"Add over 15 synths","targetRectangle":{"y":352.1447822451591,"x":64,"width":214.2408,"height":45.11543604135517}},{"text":"Select from over 15 synths to use in real-time while playing music","targetRectangle":{"y":397.9447824954986,"x":76.79999944395936,"width":712.6019999999996,"height":45.11543604135517}},{"text":"Toggle Drum Beat","targetRectangle":{"y":443.7447827458381,"x":64,"width":201.8744,"height":45.11543604135517}},{"text":"Add a drum loop by simply right clicking on the canvas.  Then Adjust the tempo of that drum loop by pressing the right or left arrow keys.","targetRectangle":{"y":489.5447829961776,"x":76.79999944395936,"width":872.1143999999999,"height":74.11543604135517}},{"text":"Audio Visuals","targetRectangle":{"y":564.3447832465172,"x":64,"width":151.158,"height":45.11543604135511}},{"text":"Intuitive visual canvas that provides immediate feedback related to the sound omitted while also providing a playground effect, eliminating a strict right to left timeline implementation.","targetRectangle":{"y":610.1447834968567,"x":76.79999944395936,"width":870.4152000000001,"height":103.115436041355}}],"baseLayer":{"animations":[],"initialState":{"affineTransform":[1,0,0,1,0,0],"masksToBounds":true,"rotation":0,"scale":1,"position":{"pointX":512,"pointY":384},"width":1024,"sublayerTransform":[1,0,0,0,0,1,0,0,0,0,1,0,0,0,0,1],"contentsRect":{"y":0,"x":0,"width":1,"height":1},"opacity":1,"edgeAntialiasingMask":0,"height":768,"hidden":false,"anchorPoint":{"pointX":0.5,"pointY":0.5}},"objectID":"0","layers":[{"animations":[],"initialState":{"affineTransform":[1,0,0,1,0,0],"masksToBounds":false,"rotation":0,"scale":1,"position":{"pointX":512,"pointY":384},"width":1024,"sublayerTransform":[1,0,0,0,0,1,0,0,0,0,1,-0.0004922987690640373,0,0,0,1],"contentsRect":{"y":0,"x":0,"width":1,"height":1},"opacity":1,"edgeAntialiasingMask":15,"height":768,"hidden":false,"anchorPoint":{"pointX":0.5,"pointY":0.5}},"layers":[{"animations":[],"layers":[],"initialState":{"affineTransform":[1,0,0,1,0,0],"masksToBounds":false,"rotation":0,"scale":1,"position":{"pointX":512,"pointY":384},"width":1024,"sublayerTransform":[1,0,0,0,0,1,0,0,0,0,1,0,0,0,0,1],"contentsRect":{"y":0,"x":0,"width":1,"height":1},"opacity":1,"edgeAntialiasingMask":0,"height":768,"hidden":false,"anchorPoint":{"pointX":0.5,"pointY":0.5}},"texture":"CB300472B95CBF0E54994A149B8EC9D6"}]}]}}]}