{"assets":{"DB8451458D98EFA7506DBEBC2B1323F0":{"type":"texture","index":37,"assetRequest":{"type":"slide","state":"incoming","slide":"none"},"url":"assets/DB8451458D98EFA7506DBEBC2B1323F0.svg","width":1024,"height":768},"E280E7208224F3EC13EF7AA7AED5BC68":{"type":"texture","index":36,"assetRequest":{"type":"slide","state":"outgoing","slide":"0D522A11-401C-4FD4-9896-A6A593C1D74C"},"url":"assets/E280E7208224F3EC13EF7AA7AED5BC68.svg","width":1024,"height":768}},"events":[{"effects":[{"beginTime":0,"baseLayer":{"animations":[],"initialState":{"affineTransform":[1,0,0,1,0,0],"masksToBounds":true,"rotation":0,"scale":1,"position":{"pointX":512,"pointY":384},"width":1024,"sublayerTransform":[1,0,0,0,0,1,0,0,0,0,1,0,0,0,0,1],"contentsRect":{"y":0,"x":0,"width":1,"height":1},"opacity":1,"edgeAntialiasingMask":0,"height":768,"hidden":false,"anchorPoint":{"pointX":0.5,"pointY":0.5}},"objectID":"0","layers":[{"animations":[],"initialState":{"affineTransform":[1,0,0,1,0,0],"masksToBounds":false,"rotation":0,"scale":1,"position":{"pointX":512,"pointY":384},"width":1024,"sublayerTransform":[1,0,0,0,0,1,0,0,0,0,1,-0.0004922987690640373,0,0,0,1],"contentsRect":{"y":0,"x":0,"width":1,"height":1},"opacity":1,"edgeAntialiasingMask":15,"height":768,"hidden":false,"anchorPoint":{"pointX":0.5,"pointY":0.5}},"layers":[{"animations":[],"layers":[],"initialState":{"affineTransform":[1,0,0,1,0,0],"masksToBounds":false,"rotation":0,"scale":1,"position":{"pointX":512,"pointY":384},"width":1024,"sublayerTransform":[1,0,0,0,0,1,0,0,0,0,1,0,0,0,0,1],"contentsRect":{"y":0,"x":0,"width":1,"height":1},"opacity":1,"edgeAntialiasingMask":0,"height":768,"hidden":false,"anchorPoint":{"pointX":0.5,"pointY":0.5}},"texture":"DB8451458D98EFA7506DBEBC2B1323F0"},{"animations":[{"from":{"scalar":false},"beginTime":0,"repeatCount":0,"fillMode":"both","property":"hidden","duration":0.01,"to":{"scalar":true}}],"layers":[],"initialState":{"affineTransform":[1,0,0,1,0,0],"masksToBounds":false,"rotation":0,"scale":1,"position":{"pointX":512,"pointY":384},"width":1024,"sublayerTransform":[1,0,0,0,0,1,0,0,0,0,1,0,0,0,0,1],"contentsRect":{"y":0,"x":0,"width":1,"height":1},"opacity":1,"edgeAntialiasingMask":0,"height":768,"hidden":false,"anchorPoint":{"pointX":0.5,"pointY":0.5}},"texture":"E280E7208224F3EC13EF7AA7AED5BC68"}]}]},"effects":[],"duration":0.01,"type":"transition","name":"none","objectID":"0"}],"automaticPlay":false,"hyperlinks":[{"url":"http://www.canverse.net","targetRectangle":{"y":264,"x":281.1667200000001,"width":461.6665599999999,"height":62.47771484374999}},{"url":"http://www.github.com/akbiggs/canverse","targetRectangle":{"y":328,"x":68.4128,"width":887.1743999999999,"height":62.47771484374999}},{"url":"http://www.akbiggs.net","targetRectangle":{"y":652.3643263757119,"x":770.3202896610014,"width":164.0467200000001,"height":24.40129638671874}},{"url":"http://www.marcpalermo.ca","targetRectangle":{"y":702.3643263757119,"x":746.9970896610014,"width":207.2668800000001,"height":24.40129638671874}}],"accessibility":[{"text":"www.canverse.net","targetRectangle":{"y":264,"x":281.1667200000001,"width":461.6665599999999,"height":62.47771484374999}},{"text":"www.github.com/akbiggs/canverse","targetRectangle":{"y":328,"x":68.4128,"width":887.1743999999999,"height":62.47771484374999}},{"text":"Created By:  ","targetRectangle":{"y":602.3643263757119,"x":602.4345296610014,"width":123.90192,"height":24.40129638671874}},{"text":"Alexander Biggs (www.akbiggs.net) ","targetRectangle":{"y":652.3643263757119,"x":602.4345296610014,"width":343.4083200000001,"height":24.40129638671874}},{"text":"Camilo Bernal","targetRectangle":{"y":677.3643263757119,"x":602.4345296610014,"width":134.20128,"height":24.40129638671874}},{"text":"Marc Palermo (www.marcpalermo.ca)","targetRectangle":{"y":702.3643263757119,"x":602.4345296610014,"width":357.5673600000001,"height":24.40129638671874}}],"baseLayer":{"animations":[],"initialState":{"affineTransform":[1,0,0,1,0,0],"masksToBounds":true,"rotation":0,"scale":1,"position":{"pointX":512,"pointY":384},"width":1024,"sublayerTransform":[1,0,0,0,0,1,0,0,0,0,1,0,0,0,0,1],"contentsRect":{"y":0,"x":0,"width":1,"height":1},"opacity":1,"edgeAntialiasingMask":0,"height":768,"hidden":false,"anchorPoint":{"pointX":0.5,"pointY":0.5}},"objectID":"0","layers":[{"animations":[],"initialState":{"affineTransform":[1,0,0,1,0,0],"masksToBounds":false,"rotation":0,"scale":1,"position":{"pointX":512,"pointY":384},"width":1024,"sublayerTransform":[1,0,0,0,0,1,0,0,0,0,1,-0.0004922987690640373,0,0,0,1],"contentsRect":{"y":0,"x":0,"width":1,"height":1},"opacity":1,"edgeAntialiasingMask":15,"height":768,"hidden":false,"anchorPoint":{"pointX":0.5,"pointY":0.5}},"layers":[{"animations":[],"layers":[],"initialState":{"affineTransform":[1,0,0,1,0,0],"masksToBounds":false,"rotation":0,"scale":1,"position":{"pointX":512,"pointY":384},"width":1024,"sublayerTransform":[1,0,0,0,0,1,0,0,0,0,1,0,0,0,0,1],"contentsRect":{"y":0,"x":0,"width":1,"height":1},"opacity":1,"edgeAntialiasingMask":0,"height":768,"hidden":false,"anchorPoint":{"pointX":0.5,"pointY":0.5}},"texture":"E280E7208224F3EC13EF7AA7AED5BC68"}]}]}}]}